X_Value,Training_MSE,Validation_MSE
0,0.405321,0.466338
0.01,0.405365,0.466826
0.1,0.405387,0.466789
1,0.406164,0.467347
10,0.412599,0.478225
100,0.4375,0.516744
1000,0.483795,0.561193
