X_Value,Training_MSE,Validation_MSE
1,0.405387,0.466789
2,0.3883,0.460232
3,0.383632,0.45045
