X_Value,Training_MSE,Validation_MSE
0,0.565558,0.555491
0.01,0.57098,0.561866
0.1,0.572375,0.563046
1,0.572606,0.563157
10,0.574561,0.563587
100,0.594862,0.578437
1000,0.617829,0.602334
