X_Value,Training_MSE,Validation_MSE
1,0.572375,0.563046
2,0.543276,0.54697
3,0.525838,0.536897
