y_true,y_pred,prob
0,0,8.81947e-08
0,0,1.99821e-10
0,0,4.13726e-16
1,1,1
1,1,1
0,0,2.75947e-09
0,0,2.78264e-14
0,0,4.38964e-13
0,0,4.63494e-13
0,0,7.33754e-12
0,0,3.9846e-14
0,0,6.46156e-07
0,0,9.47145e-14
1,1,1
1,1,0.999898
0,0,2.92317e-08
0,0,4.08249e-12
1,1,1
1,1,1
0,0,1.09915e-13
0,0,1.05363e-16
0,0,5.12465e-07
0,0,1.19093e-06
0,0,4.41986e-05
0,0,1.01179e-07
0,0,6.88586e-16
0,0,6.03975e-10
0,0,2.00231e-07
0,0,1.56719e-05
0,0,5.50747e-07
