y_true,y_pred,prob
0,0,0.020752
0,0,0.00469909
0,0,0.000261369
1,1,0.993373
1,1,0.997606
0,0,0.042068
0,0,0.00132801
0,0,0.000517504
0,0,0.000423898
0,0,0.000690103
0,0,0.000705907
0,0,0.0779176
0,0,0.000895392
1,1,0.976256
1,1,0.792608
0,0,0.0179628
0,0,0.0020899
1,1,0.996888
1,1,0.997553
0,0,0.000759312
0,0,8.29333e-05
0,0,0.0391997
0,0,0.0844261
0,0,0.0850113
0,0,0.0406733
0,0,0.000869427
0,0,0.0116521
0,0,0.0302509
0,0,0.0469253
0,0,0.0193754
